,Fitness,w1,w2,w3,w4,w5,w6,w7,w8,w9,w10,w11
0,0.1943195069132101,0.2285168102426031,196.0,1.0,0.6764258030797271,0.1489034060632124,0.5117250195717554,1.0,4.0,9.0,4.0,5.0
1,0.15163846648104518,0.15372011153405654,459.0,4.0,0.1828892678624292,0.13212615895788288,0.37481834575035955,0.0,4.0,7.0,3.0,6.0
2,0.13860926679517382,0.15312936608157413,1326.0,4.0,0.6314986771773827,0.5412604819321222,0.2976175402373299,0.0,4.0,6.0,3.0,3.0
3,0.1226291616096713,0.926192347210922,1217.0,1.0,0.8418425236025923,0.700135747066485,0.36318822612791,0.0,8.0,7.0,4.0,6.0
4,0.1173936841103258,0.6118553738719632,196.0,1.0,0.6764258030797271,0.1489034060632124,0.13831979777430858,1.0,8.0,9.0,4.0,5.0
5,0.11660836248542394,0.8671526198724212,196.0,1.0,0.234549524755964,0.8089095395718456,0.8399992981174704,1.0,8.0,9.0,4.0,2.0
6,0.10931439042383573,0.3591566524419751,644.0,5.0,0.19653560792403968,0.19501429490601233,0.7477482296123046,0.0,5.0,8.0,5.0,5.0
7,0.08963375455129574,0.8671526198724212,196.0,1.0,0.234549524755964,0.1489034060632124,0.13831979777430858,1.0,8.0,9.0,4.0,5.0
8,0.08924109373884481,0.8738795440858468,196.0,1.0,0.7780747308845181,0.1489034060632124,0.7099469720162052,1.0,8.0,9.0,4.0,5.0
9,0.08570714642678656,0.8738795440858468,196.0,3.0,0.7135275786812356,0.18374672180576854,0.7099469720162052,1.0,8.0,8.0,7.0,5.0
10,0.0848028366768997,0.8738795440858468,196.0,3.0,0.8387545843450925,0.38171117217186884,0.7699144373832099,0.0,4.0,8.0,7.0,5.0
11,0.08363675305204543,0.8738795440858468,196.0,3.0,0.7135275786812356,0.38171117217186884,0.7099469720162052,1.0,8.0,8.0,7.0,5.0
12,0.08351776492706031,0.8738795440858468,196.0,3.0,0.7135275786812356,0.38171117217186884,0.7099469720162052,0.0,4.0,8.0,7.0,5.0
13,0.0832440922395945,0.8513071598261565,459.0,6.0,0.17471533997754637,0.13212615895788288,0.7579134620901995,0.0,4.0,7.0,3.0,6.0
14,0.08110230598986223,0.9075945531443463,644.0,5.0,0.19653560792403968,0.19501429490601233,0.7477482296123046,0.0,5.0,8.0,7.0,5.0
15,0.07943647224007044,0.9099823144018054,363.0,0.0,0.7718943933988169,0.1257788835737701,0.7004938575105696,1.0,7.0,9.0,4.0,5.0
16,0.07259465505342566,0.9075945531443463,644.0,5.0,0.19653560792403968,0.19501429490601233,0.7477482296123046,1.0,7.0,7.0,7.0,5.0
17,0.0717498393660313,0.9175334901451627,363.0,5.0,0.7718943933988169,0.19501429490601233,0.6827512959209179,1.0,7.0,7.0,7.0,5.0
18,0.06907260655386593,0.9931452148814179,1237.0,4.0,0.7178429501211343,0.17990673492157683,0.6917444820077903,1.0,4.0,7.0,5.0,10.0
19,0.06563384974179576,0.8513071598261565,459.0,6.0,0.8322063398733637,0.13212615895788288,0.7579134620901995,0.0,4.0,7.0,3.0,2.0
20,0.06461055186692366,0.926192347210922,1329.0,5.0,0.25400084232561826,0.1025807491509617,0.36318822612791,0.0,8.0,7.0,8.0,2.0
21,0.06293281930463335,0.716003299263473,420.0,3.0,0.6476229958195531,0.1359661458420746,0.3727797064066115,0.0,4.0,7.0,5.0,3.0
22,0.0611241998048595,0.8513071598261565,223.0,0.0,0.8322063398733637,0.13212615895788288,0.7579134620901995,0.0,4.0,7.0,4.0,2.0
23,0.05698341305537702,0.38307315287947735,339.0,1.0,0.8381831570374447,0.700135747066485,0.7026099266226606,1.0,3.0,1.0,8.0,2.0
24,0.056531258180433586,0.926192347210922,1322.0,5.0,0.8011382875594526,0.5200128528550891,0.36318822612791,0.0,8.0,7.0,8.0,9.0
25,0.055579353180552626,0.926192347210922,459.0,5.0,0.25400084232561826,0.2714172146434742,0.36318822612791,1.0,8.0,7.0,8.0,9.0
26,0.055496061493062965,0.926192347210922,1329.0,15.0,0.25400084232561826,0.700135747066485,0.36318822612791,1.0,8.0,7.0,8.0,9.0
27,0.055412769805573414,0.926192347210922,582.0,8.0,0.19420241913741199,0.700135747066485,0.36318822612791,1.0,8.0,7.0,8.0,9.0
28,0.054425168368196886,0.1,4.0,2.0,0.1,0.1,0.1,3.0,2.0,2.0,2.0,2.0
29,0.05393731705575788,0.8513071598261565,223.0,0.0,0.25720839000894424,0.6551917376448233,0.7579134620901995,1.0,4.0,7.0,4.0,9.0
30,0.05202160824349733,0.34989765104874937,330.0,1.0,0.8197707902991016,0.37028491892432996,0.7099469720162052,0.0,4.0,2.0,7.0,6.0
31,0.05146236405606719,0.4427551247839889,440.0,1.0,0.8410540611578808,0.8399437738105962,0.8504689358708956,0.0,3.0,2.0,7.0,1.0
32,0.046917017681635365,0.926192347210922,1329.0,5.0,0.25400084232561826,0.700135747066485,0.36318822612791,1.0,8.0,7.0,8.0,9.0
33,0.04650055924418739,0.1474971023238998,1422.0,0.0,0.8091552535321291,0.43011784636281297,0.4783792835451838,0.0,4.0,7.0,3.0,2.0
34,0.04634587468170681,0.9931452148814179,1083.0,5.0,0.48368919673318034,0.739155132037258,0.23170542243102968,0.0,4.0,7.0,7.0,10.0
35,0.042550153494681275,0.9163477046613623,1426.0,18.0,0.4294203163546201,0.555757248841628,0.4744320311855609,0.0,7.0,6.0,3.0,4.0
36,0.04206230218224216,0.716003299263473,1422.0,6.0,0.6476229958195531,0.6076512891326932,0.3727797064066115,0.0,6.0,7.0,5.0,3.0
37,0.041479260369815085,0.49027945666656997,971.0,4.0,0.7135218440525982,0.36337138385230583,0.8524446071465551,0.0,4.0,5.0,7.0,5.0
38,0.041395968682325535,0.49027945666656997,971.0,5.0,0.4451454354054655,0.36337138385230583,0.2621319847534209,1.0,6.0,6.0,8.0,7.0
39,0.04094381380738199,0.4182044388661427,1094.0,19.0,0.8797546819076101,0.38077599151928176,0.36318822612791,0.0,4.0,7.0,8.0,9.0
40,0.04026558149496684,0.716003299263473,1422.0,6.0,0.32842837644623435,0.8961553563325015,0.3727797064066115,0.0,5.0,7.0,5.0,3.0
41,0.03992051593250989,0.926192347210922,1329.0,5.0,0.8418425236025923,0.700135747066485,0.36318822612791,0.0,8.0,7.0,8.0,9.0
42,0.03942076580757237,0.716003299263473,1422.0,6.0,0.32842837644623435,0.8961553563325015,0.3727797064066115,0.0,6.0,7.0,5.0,3.0
43,0.03724328312034464,0.9908341315253016,1426.0,18.0,0.813629734410429,0.555757248841628,0.34998542639021757,0.0,4.0,6.0,3.0,4.0
44,0.03666024130791745,0.3464253039196668,1426.0,18.0,0.813629734410429,0.42803306202877994,0.4744320311855609,0.0,4.0,6.0,3.0,2.0
45,0.036279479307965046,0.4027479414964103,771.0,5.0,0.28917602103663775,0.8512113469108399,0.273256365259186,1.0,4.0,6.0,5.0,10.0
46,0.036255681682968,0.4027479414964103,771.0,5.0,0.28917602103663775,0.8512113469108399,0.273256365259186,1.0,3.0,6.0,5.0,10.0
47,0.03610099712048742,0.15312936608157413,1426.0,18.0,0.4294203163546201,0.555757248841628,0.4744320311855609,0.0,4.0,6.0,3.0,4.0
48,0.035327574308084086,0.9175334901451627,363.0,5.0,0.7718943933988169,0.36727332234938315,0.6827512959209179,0.0,7.0,5.0,7.0,5.0
49,0.03499440755812566,0.716003299263473,1422.0,13.0,0.788555849240753,0.8961553563325015,0.2552569165140941,0.0,5.0,7.0,5.0,3.0
50,0.03486352062064202,0.9931452148814179,1083.0,8.0,0.48368919673318034,0.739155132037258,0.38576045579042906,0.0,4.0,4.0,7.0,10.0
51,0.03466124080816735,0.4430809380778339,196.0,20.0,0.7135275786812356,0.833659321409253,0.7099469720162052,0.0,4.0,8.0,7.0,5.0
52,0.03423288355822085,0.716003299263473,867.0,13.0,0.8778432359768116,0.43011784636281297,0.845636201479892,0.0,4.0,7.0,3.0,3.0
53,0.03423288355822085,0.716003299263473,1422.0,13.0,0.8778432359768116,0.43011784636281297,0.8087755464708533,0.0,4.0,7.0,3.0,3.0
54,0.0335546512458057,0.49027945666656997,971.0,15.0,0.8697444663346907,0.36337138385230583,0.8524446071465551,0.0,4.0,5.0,3.0,4.0
55,0.032816924870897934,0.4430809380778339,423.0,17.0,0.8366230628376481,0.6907794124665826,0.39479407045692055,0.0,5.0,8.0,5.0,6.0
56,0.032662240308417245,0.8148398167473461,1159.0,15.0,0.8376689895014311,0.812811478068923,0.8899414594671244,0.0,8.0,9.0,6.0,2.0
57,0.03216249018347972,0.910044971406686,1422.0,18.0,0.840794361042363,0.43011784636281297,0.8087755464708533,1.0,4.0,7.0,3.0,3.0
58,0.03213869255848267,0.4027479414964103,1254.0,3.0,0.25024702967948553,0.8512113469108399,0.273256365259186,0.0,8.0,2.0,5.0,1.0
59,0.032102996120987104,0.38501748046778733,352.0,2.0,0.8426511230960703,0.812811478068923,0.8511118707161108,0.0,4.0,2.0,6.0,3.0
60,0.03173413293353322,0.49027945666656997,971.0,18.0,0.8697444663346907,0.36337138385230583,0.8524446071465551,0.0,4.0,7.0,8.0,10.0
61,0.031543751933557074,0.9484049801486137,1168.0,17.0,0.841269060738853,0.6551917376448233,0.7579134620901995,1.0,4.0,8.0,4.0,3.0
62,0.031472359058565935,0.35082025785101756,1422.0,19.0,0.8121681630595565,0.43011784636281297,0.9246173340559539,0.0,4.0,8.0,6.0,6.0
63,0.03146046024606741,0.3810527248769671,363.0,0.0,0.8177796362519827,0.45853649885970976,0.7377958954975621,1.0,4.0,7.0,4.0,5.0
64,0.031151091121106145,0.715137413556897,1325.0,13.0,0.813629734410429,0.555757248841628,0.4744320311855609,0.0,4.0,6.0,3.0,4.0
65,0.0311272934961091,0.4430809380778339,343.0,16.0,0.8398141921078541,0.8009327051897718,0.7099469720162052,0.0,3.0,8.0,7.0,6.0
66,0.031032102996121025,0.9931452148814179,1237.0,8.0,0.8609574603444892,0.739155132037258,0.8626098396244501,0.0,4.0,4.0,5.0,10.0
67,0.030829823183646243,0.15312936608157413,1426.0,18.0,0.813629734410429,0.555757248841628,0.4744320311855609,0.0,4.0,6.0,3.0,6.0
68,0.030556150496180434,0.8714601789143255,1062.0,15.0,0.7956968439985812,0.739155132037258,0.778031028682837,0.0,4.0,7.0,5.0,10.0
69,0.03046095999619236,0.3902102488323266,439.0,0.0,0.8384420471909994,0.8679749552260314,0.6983233719013331,0.0,3.0,8.0,7.0,1.0
70,0.03005640037124291,0.49027945666656997,971.0,18.0,0.8697444663346907,0.36337138385230583,0.8524446071465551,1.0,4.0,5.0,3.0,5.0
71,0.03005640037124291,0.15312936608157413,1426.0,18.0,0.813629734410429,0.555757248841628,0.4744320311855609,0.0,4.0,6.0,3.0,4.0
72,0.02994931105875631,0.15312936608157413,476.0,3.0,0.8198031745434214,0.7173036665708589,0.6998734839076038,1.0,4.0,2.0,6.0,2.0
73,0.02986601937126676,0.15312936608157413,449.0,18.0,0.813629734410429,0.555757248841628,0.4744320311855609,0.0,4.0,6.0,5.0,2.0
74,0.02978272768377721,0.15312936608157413,460.0,18.0,0.813629734410429,0.555757248841628,0.7014475666111735,0.0,4.0,6.0,3.0,6.0
75,0.02966373955879198,1.0,1422.0,0.0,0.8412633261102157,0.43011784636281297,0.7669066481770719,0.0,4.0,7.0,4.0,6.0
76,0.029651840746293567,0.3991313987643264,1159.0,13.0,0.8512735416831351,0.812811478068923,0.7433551540940075,0.0,4.0,7.0,4.0,6.0
77,0.029401965683824804,1.0,1426.0,18.0,0.8388020543147415,0.723393157994848,0.4744320311855609,0.0,4.0,6.0,3.0,2.0
78,0.029199685871350023,0.8762690173676401,540.0,0.0,0.8408517073287369,0.36727332234938315,0.7377958954975621,1.0,3.0,2.0,7.0,5.0
79,0.029128292996358995,0.49027945666656997,971.0,18.0,0.4451454354054655,0.36337138385230583,0.3519378170747857,1.0,6.0,4.0,8.0,7.0
80,0.029128292996358995,0.49027945666656997,971.0,18.0,0.4451454354054655,0.36337138385230583,0.35660919626530124,1.0,6.0,4.0,8.0,7.0
81,0.029116394183860472,0.47331340510378345,1422.0,0.0,0.8121681630595565,0.43011784636281297,0.9246173340559539,0.0,3.0,8.0,6.0,6.0
82,0.02903310249637081,0.20488931668235952,1159.0,15.0,0.8376689895014311,0.5894336851630461,0.8899414594671244,0.0,5.0,6.0,3.0,4.0
83,0.028937911996382737,0.35082025785101756,1422.0,0.0,0.8121681630595565,0.43011784636281297,0.9246173340559539,0.0,4.0,7.0,6.0,6.0
84,0.02886651912139171,0.49027945666656997,971.0,18.0,0.4451454354054655,0.36337138385230583,0.8524446071465551,0.0,4.0,4.0,8.0,7.0
85,0.028807025058899094,0.9931452148814179,1237.0,0.0,0.7956968439985812,0.739155132037258,0.778031028682837,0.0,4.0,7.0,5.0,10.0
86,0.02867613812141545,0.15312936608157413,1426.0,18.0,0.813629734410429,0.555757248841628,0.4744320311855609,0.0,4.0,6.0,3.0,2.0
87,0.028569048808928854,0.49027945666656997,971.0,18.0,0.8697444663346907,0.36337138385230583,0.8524446071465551,0.0,4.0,5.0,3.0,4.0
88,0.028485757121439303,0.9175334901451627,1159.0,17.0,0.8409290130976937,0.36727332234938315,0.6827512959209179,1.0,3.0,2.0,4.0,1.0
89,0.02847385830894078,0.926192347210922,1329.0,5.0,0.8418425236025923,0.700135747066485,0.36318822612791,1.0,8.0,3.0,8.0,9.0
90,0.02835487018395566,0.41920540603195255,373.0,17.0,0.8408517073287369,0.36727332234938315,0.7377958954975621,0.0,4.0,2.0,5.0,1.0
91,0.02806929868399133,0.15312936608157413,476.0,18.0,0.813629734410429,0.8652617256518641,0.7022706242609561,0.0,4.0,6.0,3.0,2.0
92,0.027652840246543353,0.9931452148814179,1237.0,0.0,0.8700570034887839,0.739155132037258,0.778031028682837,0.0,4.0,5.0,4.0,6.0
93,0.027569548559053803,0.9931452148814179,1237.0,0.0,0.8384420471909994,0.739155132037258,0.778031028682837,0.0,4.0,7.0,4.0,6.0
94,0.02747435805906573,0.4430809380778339,1266.0,20.0,0.8117565442780778,0.833659321409253,0.864717511086501,0.0,4.0,8.0,7.0,6.0
95,0.02743866162157016,0.926192347210922,1329.0,5.0,0.8177796362519827,0.700135747066485,0.36318822612791,1.0,8.0,3.0,8.0,6.0
96,0.027248280621594012,0.44552320784786,1366.0,3.0,0.8117565442780778,0.7315659961383286,0.7099469720162052,1.0,3.0,2.0,7.0,6.0
97,0.02720068537159992,0.8762690173676401,778.0,17.0,0.8374436344330196,0.36727332234938315,0.27526812191844974,1.0,4.0,2.0,5.0,1.0
98,0.026593845934175797,0.4430809380778339,1366.0,20.0,0.8117565442780778,0.833659321409253,0.7099469720162052,0.0,3.0,8.0,7.0,6.0
99,0.026593845934175797,0.4430809380778339,1366.0,20.0,0.8117565442780778,0.833659321409253,0.7099469720162052,0.0,3.0,8.0,7.0,6.0
100,0.026593845934175797,0.4430809380778339,1366.0,20.0,0.8117565442780778,0.833659321409253,0.7099469720162052,0.0,3.0,8.0,5.0,6.0
101,0.026510554246686135,0.8766790391667529,330.0,15.0,0.8117565442780778,0.37028491892432996,0.7099469720162052,1.0,3.0,2.0,7.0,5.0
102,0.026415363746698062,0.47196256749077614,529.0,5.0,0.8177796362519827,0.8643349134109504,0.36318822612791,1.0,3.0,3.0,8.0,5.0
103,0.026022702934247133,0.4329855151837763,258.0,5.0,0.8177796362519827,0.700135747066485,0.36318822612791,1.0,4.0,3.0,8.0,6.0
104,0.026022702934247133,0.4329855151837763,339.0,5.0,0.8177796362519827,0.700135747066485,0.36318822612791,1.0,4.0,3.0,8.0,6.0
105,0.025987006496751675,0.4027479414964103,1412.0,11.0,0.8806645148960279,0.44455569618529867,0.273256365259186,0.0,4.0,2.0,5.0,4.0
106,0.025749030246781324,0.9931452148814179,1237.0,0.0,0.8384420471909994,0.8179251044391297,0.778031028682837,0.0,4.0,2.0,4.0,6.0
107,0.025749030246781324,0.9931452148814179,1237.0,0.0,0.8384420471909994,0.8179251044391297,0.778031028682837,0.0,4.0,2.0,4.0,6.0
108,0.02565383974679325,0.4430809380778339,339.0,15.0,0.8376933471295546,0.37028491892432996,0.7487010788032674,0.0,3.0,2.0,7.0,6.0
109,0.025558649246805176,0.8762690173676401,363.0,17.0,0.8408517073287369,0.36727332234938315,0.7377958954975621,1.0,5.0,2.0,7.0,5.0
110,0.025522952809309607,0.4430809380778339,330.0,15.0,0.8117565442780778,0.37028491892432996,0.7099469720162052,0.0,3.0,2.0,7.0,6.0
111,0.025249280121843798,0.45545403634106985,788.0,18.0,0.8697444663346907,0.8399437738105962,0.8524446071465551,0.0,4.0,5.0,3.0,2.0
112,0.025249280121843798,0.35082025785101756,1422.0,0.0,0.8165069684283714,0.6962957601822933,0.3795152205754428,1.0,4.0,3.0,6.0,6.0
113,0.025225482496846863,0.8571149702217069,349.0,5.0,0.8156917799319335,0.7504143887875532,0.7266715149917969,1.0,4.0,2.0,5.0,7.0
114,0.025118393184360155,0.2785062927224109,459.0,5.0,0.8179669552652178,0.8700597395600644,0.7579134620901995,0.0,4.0,2.0,6.0,6.0
115,0.025106494371861743,0.4273481447646856,353.0,14.0,0.837726335787805,0.8512113469108399,0.3743792692063388,1.0,5.0,3.0,8.0,1.0
116,0.025082696746864697,0.35082025785101756,351.0,0.0,0.8165069684283714,0.6962957601822933,0.3795152205754428,1.0,4.0,3.0,6.0,6.0
117,0.025070797934366174,0.3979168274050794,272.0,5.0,0.8177796362519827,0.700135747066485,0.6795118499777302,1.0,4.0,1.0,5.0,2.0
118,0.0249756074343781,0.20488931668235952,961.0,15.0,0.8137815771262097,0.3778092336747915,0.8899414594671244,0.0,4.0,2.0,6.0,2.0
119,0.024928012184384007,0.8999771056427153,353.0,14.0,0.8427155945934948,0.8512113469108399,0.7266715149917969,1.0,3.0,2.0,7.0,5.0
120,0.024892315746888438,0.8762690173676401,363.0,17.0,0.8408517073287369,0.36727332234938315,0.7006914246381356,0.0,3.0,2.0,7.0,5.0
121,0.024832821684395934,0.8762690173676401,363.0,17.0,0.8408517073287369,0.7226431361946861,0.3465178389313346,1.0,8.0,2.0,4.0,5.0
122,0.024832821684395934,0.4027479414964103,771.0,14.0,0.28917602103663775,0.8512113469108399,0.273256365259186,0.0,4.0,2.0,5.0,10.0
123,0.024809024059398888,0.8670429493449585,406.0,5.0,0.8177796362519827,0.804555501543626,0.7014982496980631,1.0,3.0,2.0,6.0,6.0
124,0.024749529996906272,0.9175334901451627,363.0,17.0,0.8408517073287369,0.36727332234938315,0.6827512959209179,1.0,3.0,2.0,4.0,5.0
125,0.024725732371909337,0.8762690173676401,465.0,17.0,0.8408517073287369,0.7969458361295894,0.7377958954975621,1.0,3.0,2.0,7.0,5.0
126,0.024678137121915245,0.15312936608157413,476.0,0.0,0.8198031745434214,0.35329251967497205,0.6868759450594324,1.0,4.0,2.0,7.0,2.0
127,0.024594845434425694,0.8709984078831742,459.0,17.0,0.8376498942740483,0.8700597395600644,0.7579134620901995,1.0,3.0,2.0,6.0,5.0
128,0.024511553746936032,0.8762690173676401,363.0,17.0,0.8408517073287369,0.36727332234938315,0.7377958954975621,1.0,4.0,2.0,4.0,5.0
129,0.024511553746936032,0.8762690173676401,363.0,17.0,0.8408517073287369,0.36727332234938315,0.7377958954975621,1.0,4.0,2.0,7.0,5.0
130,0.02442826205944648,0.8762690173676401,363.0,17.0,0.8408517073287369,0.36727332234938315,0.7377958954975621,1.0,3.0,2.0,7.0,5.0
131,0.024249779871968746,0.8670429493449585,339.0,5.0,0.8177796362519827,0.700135747066485,0.7047527203534859,1.0,4.0,1.0,8.0,2.0
132,0.024095095309488168,0.3777860839549267,363.0,12.0,0.8408517073287369,0.36727332234938315,0.8387321286282009,1.0,4.0,2.0,6.0,2.0
133,0.02402370243449703,0.8670429493449585,339.0,5.0,0.8177796362519827,0.700135747066485,0.7691807661275328,1.0,3.0,1.0,8.0,6.0
134,0.02402370243449703,0.2785062927224109,459.0,0.0,0.8199731441282455,0.41536596514803414,0.7579134620901995,1.0,4.0,2.0,7.0,1.0
135,0.02402370243449703,0.20488931668235952,1159.0,16.0,0.31246449187969577,0.812811478068923,0.8899414594671244,0.0,5.0,2.0,5.0,2.0
136,0.023964208372004525,0.5203872361907688,186.0,14.0,0.716348857600452,0.8480971712317388,0.273256365259186,0.0,4.0,2.0,7.0,1.0
137,0.023880916684514863,0.8513071598261565,1168.0,16.0,0.841269060738853,0.6551917376448233,0.7579134620901995,1.0,4.0,2.0,4.0,1.0
138,0.023880916684514863,0.8513071598261565,1168.0,16.0,0.841269060738853,0.6551917376448233,0.7579134620901995,1.0,4.0,2.0,4.0,1.0
139,0.02386901787201634,0.8670429493449585,339.0,5.0,0.8177796362519827,0.700135747066485,0.7047527203534859,1.0,3.0,1.0,8.0,6.0
140,0.02386901787201634,0.8670429493449585,339.0,5.0,0.8177796362519827,0.700135747066485,0.6956255914076424,1.0,3.0,1.0,8.0,6.0
141,0.023857119059517817,0.3777860839549267,363.0,0.0,0.8408517073287369,0.36727332234938315,0.7014475666111735,1.0,3.0,2.0,7.0,2.0
142,0.02382142262202236,0.35082025785101756,351.0,16.0,0.8379673018015787,0.6962957601822933,0.3795152205754428,1.0,4.0,2.0,5.0,6.0
143,0.023809523809523836,0.35082025785101756,1156.0,11.0,0.8379673018015787,0.6962957601822933,0.7471157363601533,0.0,3.0,2.0,7.0,6.0
144,0.023738130934532697,0.4027479414964103,771.0,14.0,0.837726335787805,0.8512113469108399,0.273256365259186,0.0,8.0,2.0,9.0,9.0
145,0.023726232122034174,0.2121690934200749,1159.0,13.0,0.8249996575516922,0.5524286245944571,0.5249094975279259,0.0,5.0,2.0,6.0,2.0
146,0.023714333309535762,0.10452348922804276,483.0,13.0,0.8195622085296477,0.812811478068923,0.837266136133203,0.0,4.0,2.0,6.0,2.0
147,0.023619142809547577,0.4027479414964103,771.0,14.0,0.7945152751024442,0.8512113469108399,0.273256365259186,0.0,4.0,2.0,5.0,1.0
148,0.023619142809547577,0.4027479414964103,1500.0,14.0,0.7945152751024442,0.8512113469108399,0.273256365259186,0.0,4.0,2.0,3.0,1.0
149,0.02359534518455053,0.8513071598261565,1168.0,16.0,0.841269060738853,0.6551917376448233,0.7579134620901995,1.0,4.0,2.0,4.0,6.0
150,0.023559648747055073,0.15312936608157413,305.0,17.0,0.8466504995343982,0.7988306753945118,0.8412133884928259,0.0,4.0,2.0,7.0,2.0
151,0.02354774993455655,0.35521521178236826,353.0,14.0,0.837726335787805,0.6983805445163264,0.7266715149917969,0.0,4.0,3.0,5.0,7.0
152,0.023500154684562458,0.45545403634106985,788.0,18.0,0.8350577854965128,0.8399437738105962,0.8504689358708956,0.0,5.0,3.0,5.0,2.0
153,0.023500154684562458,0.2785062927224109,1168.0,0.0,0.841269060738853,0.6551917376448233,0.7579134620901995,1.0,4.0,2.0,4.0,6.0
154,0.023452559434568476,0.4027479414964103,771.0,14.0,0.837726335787805,0.8512113469108399,0.273256365259186,0.0,4.0,2.0,5.0,1.0
155,0.023404964184574384,0.3902102488323266,439.0,0.0,0.8201754979573894,0.8799292323928671,0.6983233719013331,0.0,4.0,3.0,6.0,6.0
156,0.02335736893458029,0.15839997556604005,459.0,0.0,0.8199731441282455,0.8700597395600644,0.7579134620901995,1.0,4.0,2.0,6.0,6.0
157,0.02323838080959517,0.15312936608157413,476.0,11.0,0.8198031745434214,0.7988306753945118,0.8412133884928259,0.0,4.0,2.0,3.0,2.0
158,0.023214583184598125,0.20488931668235952,1159.0,15.0,0.8376689895014311,0.812811478068923,0.3959166538395464,0.0,5.0,2.0,6.0,2.0
159,0.023202684372099713,0.15312936608157413,476.0,0.0,0.8382798389556719,0.7988306753945118,0.7482281744107296,1.0,4.0,2.0,6.0,7.0
160,0.023095595059613006,0.15312936608157413,476.0,0.0,0.8198031745434214,0.7988306753945118,0.7108180905606543,1.0,4.0,2.0,7.0,2.0
161,0.023095595059613006,0.15312936608157413,476.0,0.0,0.8198031745434214,0.7988306753945118,0.7108180905606543,1.0,4.0,2.0,6.0,2.0
162,0.023024202184621978,0.2785062927224109,337.0,0.0,0.8199731441282455,0.6864262673494906,0.7465091993394364,1.0,4.0,2.0,7.0,6.0
163,0.023012303372123455,0.2785062927224109,1168.0,0.0,0.8255608048709349,0.6551917376448233,0.7579134620901995,1.0,4.0,2.0,6.0,6.0
164,0.022940910497132427,0.28253959238055326,1159.0,13.0,0.8173761649772728,0.812811478068923,0.8511118707161108,1.0,5.0,2.0,6.0,3.0
165,0.02291711287213538,0.15312936608157413,476.0,0.0,0.8198031745434214,0.7988306753945118,0.7108180905606543,1.0,3.0,2.0,6.0,2.0
166,0.022857618809642766,0.3991313987643264,1159.0,13.0,0.8096191038695232,0.8331795200184331,0.7043826882332808,0.0,5.0,2.0,6.0,2.0
167,0.022821922372147307,0.20488931668235952,1159.0,15.0,0.8376689895014311,0.812811478068923,0.6732981814152824,0.0,5.0,2.0,6.0,2.0
168,0.022810023559648784,0.3902102488323266,465.0,0.0,0.8384420471909994,0.8679749552260314,0.6983233719013331,0.0,3.0,2.0,7.0,1.0
169,0.022762428309654692,0.45545403634106985,788.0,18.0,0.8410540611578808,0.8399437738105962,0.8504689358708956,1.0,3.0,2.0,7.0,1.0
170,0.022738630684657646,0.3991313987643264,783.0,13.0,0.8697033044565429,0.812811478068923,0.8899414594671244,0.0,5.0,2.0,6.0,2.0
171,0.022726731872159123,0.20488931668235952,1158.6452793930682,15.129363626065206,0.8376689895014311,0.812811478068923,0.8899414594671244,0.3999885974654531,4.632047237492063,2.0222784408334866,5.509155075672797,2.052340429248682
172,0.022726731872159123,0.20488931668235952,1158.6452793930682,15.129363626065206,0.8376689895014311,0.812811478068923,0.8899414594671244,0.3999885974654531,4.632047237492063,2.0222784408334866,5.509155075672797,2.052340429248682
173,0.022726731872159123,0.20488931668235952,1158.6452793930682,15.129363626065206,0.8376689895014311,0.812811478068923,0.8899414594671244,0.3999885974654531,4.632047237492063,2.0222784408334866,5.509155075672797,2.052340429248682
174,0.022726731872159123,0.20488931668235952,1158.6452793930682,15.129363626065206,0.8376689895014311,0.812811478068923,0.8899414594671244,0.3999885974654531,4.632047237492063,2.0222784408334866,5.509155075672797,2.052340429248682
175,0.022726731872159123,0.20488931668235952,1158.6452793930682,15.129363626065206,0.8376689895014311,0.812811478068923,0.8899414594671244,0.3999885974654531,4.632047237492063,2.0222784408334866,5.509155075672797,2.052340429248682
176,0.022726731872159123,0.20488931668235952,1158.6452793930682,15.129363626065206,0.8376689895014311,0.812811478068923,0.8899414594671244,0.3999885974654531,4.632047237492063,2.0222784408334866,5.509155075672797,2.052340429248682
177,0.022726731872159123,0.20488931668235952,1159.0,15.0,0.8376689895014311,0.812811478068923,0.8899414594671244,0.0,5.0,2.0,6.0,2.0
178,0.022726731872159123,0.20488931668235952,1159.0,15.0,0.8376689895014311,0.812811478068923,0.8899414594671244,0.0,5.0,2.0,6.0,2.0
179,0.022726731872159123,0.20488931668235952,1158.6452793930682,15.129363626065206,0.8376689895014311,0.812811478068923,0.8899414594671244,0.3999885974654531,4.632047237492063,2.0222784408334866,5.509155075672797,2.052340429248682
180,0.022702934247162188,0.4727387889038229,858.0,19.0,0.837726335787805,0.8512113469108399,0.8597887767334867,0.0,4.0,2.0,5.0,1.0
181,0.022702934247162188,0.36561004556405136,370.0,14.0,0.837305054876873,0.8512113469108399,0.7266715149917969,0.0,3.0,2.0,5.0,1.0
182,0.022691035434663664,0.3902102488323266,363.0,0.0,0.8384420471909994,0.8679749552260314,0.6983233719013331,0.0,3.0,2.0,5.0,1.0
183,0.022691035434663664,0.5082111977998934,353.0,14.0,0.837726335787805,0.8512113469108399,0.7266715149917969,0.0,4.0,2.0,5.0,1.0
184,0.022691035434663664,0.2785062927224109,459.0,0.0,0.8350041384959742,0.8700597395600644,0.7579134620901995,0.0,4.0,2.0,6.0,6.0
185,0.02266723780966662,0.3754233104892511,788.0,14.0,0.8697444663346907,0.8399437738105962,0.8504689358708956,0.0,5.0,2.0,6.0,2.0
186,0.022619642559672526,0.4027479414964103,720.0,14.0,0.837726335787805,0.8512113469108399,0.7266715149917969,0.0,4.0,2.0,5.0,1.0
187,0.022607743747174003,0.45545403634106985,271.0,18.0,0.8172599879511556,0.8399437738105962,0.8504689358708956,1.0,5.0,2.0,6.0,2.0
188,0.02259584493467548,0.3991313987643264,1159.0,0.0,0.8249996575516922,0.812811478068923,0.8899414594671244,0.0,5.0,2.0,6.0,2.0
189,0.022583946122176957,0.40636279527718705,788.0,13.0,0.8236603933705544,0.8399437738105962,0.8504689358708956,0.0,4.0,2.0,6.0,2.0
190,0.022583946122176957,0.4027479414964103,353.0,15.0,0.837726335787805,0.8512113469108399,0.7266715149917969,1.0,4.0,2.0,7.0,1.0
191,0.022572047309678545,0.4027479414964103,353.0,14.0,0.837726335787805,0.8512113469108399,0.7266715149917969,0.0,4.0,2.0,5.0,1.0
192,0.0225482496846815,0.35082025785101756,351.0,16.0,0.8379673018015787,0.6962957601822933,0.7471157363601533,1.0,3.0,2.0,5.0,6.0
193,0.0225482496846815,0.2785062927224109,357.0,0.0,0.8199731441282455,0.8700597395600644,0.7579134620901995,1.0,4.0,2.0,5.0,6.0
194,0.022536350872182975,0.45550510295523383,1285.0,0.0,0.8384420471909994,0.8179251044391297,0.778031028682837,0.0,3.0,2.0,7.0,5.0
195,0.022524452059684452,0.2785062927224109,459.0,0.0,0.8199731441282455,0.8700597395600644,0.7579134620901995,0.0,4.0,2.0,6.0,6.0
196,0.022524452059684452,0.45550510295523383,439.0,0.0,0.8384420471909994,0.8679749552260314,0.778031028682837,0.0,3.0,2.0,7.0,5.0
197,0.022488755622188883,0.45135381834994165,365.0,13.0,0.8359099230619893,0.812811478068923,0.8511118707161108,0.0,4.0,2.0,5.0,3.0
198,0.022488755622188883,0.35082025785101756,351.0,16.0,0.8408517073287369,0.6962957601822933,0.7471157363601533,0.0,3.0,2.0,7.0,6.0
199,0.022488755622188883,0.4027479414964103,353.0,14.0,0.8170636278231795,0.8512113469108399,0.7266715149917969,1.0,4.0,2.0,5.0,1.0
200,0.022453059184693314,0.20488931668235952,1158.6452793930682,15.129363626065206,0.8376689895014311,0.812811478068923,0.8899414594671244,0.3999885974654531,4.632047237492063,2.0222784408334866,5.509155075672797,2.052340429248682
201,0.022453059184693314,0.35082025785101756,310.0,12.0,0.8379673018015787,0.6962957601822933,0.7471157363601533,0.0,3.0,2.0,5.0,6.0
202,0.022453059184693314,0.3991313987643264,1159.0,13.0,0.8249996575516922,0.812811478068923,0.8899414594671244,0.0,5.0,2.0,6.0,2.0
203,0.022453059184693314,0.20488931668235952,1158.6452793930682,15.129363626065206,0.8376689895014311,0.812811478068923,0.8899414594671244,0.3999885974654531,4.632047237492063,2.0222784408334866,5.509155075672797,2.052340429248682
204,0.022417362747197855,0.3902102488323266,1190.0,0.0,0.8384420471909994,0.8679749552260314,0.865076955247135,0.0,5.0,2.0,7.0,1.0
205,0.022405463934699332,0.45545403634106985,448.0,18.0,0.8363541908709502,0.8399437738105962,0.7003351285605969,0.0,3.0,2.0,6.0,2.0
206,0.022381666309702286,0.45545403634106985,788.0,18.0,0.8697444663346907,0.8399437738105962,0.8504689358708956,0.0,4.0,2.0,6.0,2.0
207,0.022381666309702286,0.45545403634106985,788.4801482492745,17.965567975146183,0.8697444663346907,0.8399437738105962,0.8504689358708956,0.396233243934575,4.0161428296375306,2.0755841762490457,6.200240255935862,2.1644868675907087
208,0.022381666309702286,0.45545403634106985,788.4801482492745,17.965567975146183,0.8697444663346907,0.8399437738105962,0.8504689358708956,0.396233243934575,4.0161428296375306,2.0755841762490457,6.200240255935862,2.1644868675907087
209,0.022369767497203763,0.2785062927224109,459.0,0.0,0.8199731441282455,0.8700597395600644,0.7579134620901995,1.0,4.0,2.0,6.0,6.0
210,0.022369767497203763,0.2785062927224109,459.0,0.0,0.8199731441282455,0.8700597395600644,0.7579134620901995,1.0,4.0,2.0,6.0,6.0
211,0.02235786868470524,0.3991313987643264,1159.0,13.0,0.8198844895305142,0.812811478068923,0.7074505008471766,1.0,5.0,2.0,6.0,3.0
212,0.022334071059708194,0.3865937061002427,1160.0,13.0,0.8410540611578808,0.8399437738105962,0.8464023335631563,0.0,3.0,2.0,6.0,2.0
213,0.02232217224720978,0.3902102488323266,439.0,0.0,0.8384420471909994,0.8542229434857868,0.6983233719013331,0.0,3.0,2.0,7.0,1.0
214,0.02232217224720978,0.3902102488323266,439.0,0.0,0.8384420471909994,0.8679749552260314,0.6983233719013331,0.0,3.0,2.0,7.0,1.0
215,0.02232217224720978,0.3902102488323266,439.0,0.0,0.8384420471909994,0.8679749552260314,0.6983233719013331,0.0,3.0,2.0,6.0,1.0
216,0.02232217224720978,0.3902102488323266,439.0,0.0,0.8384420471909994,0.8679749552260314,0.6983233719013331,0.0,3.0,2.0,7.0,1.0
217,0.02231027343471126,0.3991313987643264,1159.0,13.0,0.8249996575516922,0.812811478068923,0.8511118707161108,0.0,5.0,2.0,6.0,3.0
218,0.02227457699721569,0.35082025785101756,351.0,16.0,0.8379673018015787,0.6962957601822933,0.7471157363601533,0.0,3.0,2.0,7.0,6.0
219,0.022215082934723074,0.45135381834994165,1159.0,13.0,0.8249996575516922,0.812811478068923,0.8511118707161108,0.0,4.0,2.0,6.0,3.0
220,0.02203660074724545,0.45545403634106985,788.0,18.0,0.8697444663346907,0.8399437738105962,0.8504689358708956,0.0,5.0,2.0,6.0,2.0
221,0.02203660074724545,0.45545403634106985,788.4801482492745,17.965567975146183,0.8697444663346907,0.8399437738105962,0.8504689358708956,0.396233243934575,4.0161428296375306,2.0755841762490457,6.200240255935862,2.1644868675907087
222,0.02203660074724545,0.45545403634106985,788.4801482492745,17.965567975146183,0.8697444663346907,0.8399437738105962,0.8504689358708956,0.396233243934575,4.0161428296375306,2.0755841762490457,6.200240255935862,2.1644868675907087
223,0.02203660074724545,0.45545403634106985,788.4801482492745,17.965567975146183,0.8697444663346907,0.8399437738105962,0.8504689358708956,0.396233243934575,4.0161428296375306,2.0755841762490457,6.200240255935862,2.1644868675907087
224,0.02203660074724545,0.45545403634106985,788.4801482492745,17.965567975146183,0.8697444663346907,0.8399437738105962,0.8504689358708956,0.396233243934575,4.0161428296375306,2.0755841762490457,6.200240255935862,2.1644868675907087
225,0.021989005497251357,0.45545403634106985,788.0,18.0,0.8410540611578808,0.8399437738105962,0.8504689358708956,0.0,3.0,2.0,6.0,2.0
226,0.021989005497251357,0.45545403634106985,788.4801482492745,17.965567975146183,0.8697444663346907,0.8399437738105962,0.8504689358708956,0.396233243934575,4.0161428296375306,2.0755841762490457,6.200240255935862,2.1644868675907087
227,0.021989005497251357,0.45545403634106985,788.4801482492745,17.965567975146183,0.8697444663346907,0.8399437738105962,0.8504689358708956,0.396233243934575,4.0161428296375306,2.0755841762490457,6.200240255935862,2.1644868675907087
228,0.021989005497251357,0.45545403634106985,788.4801482492745,17.965567975146183,0.8697444663346907,0.8399437738105962,0.8504689358708956,0.396233243934575,4.0161428296375306,2.0755841762490457,6.200240255935862,2.1644868675907087
229,0.021989005497251357,0.45545403634106985,788.4801482492745,17.965567975146183,0.8697444663346907,0.8399437738105962,0.8504689358708956,0.396233243934575,4.0161428296375306,2.0755841762490457,6.200240255935862,2.1644868675907087
230,0.021989005497251357,0.45545403634106985,788.4801482492745,17.965567975146183,0.8697444663346907,0.8399437738105962,0.8504689358708956,0.396233243934575,4.0161428296375306,2.0755841762490457,6.200240255935862,2.1644868675907087
